{
  "mapping": {
    "sega32x": "32x",
    "3do": "3do",
    "n3ds": "n3ds",
    "atari2600": "a26",
    "atari5200": "a52",
    "atari7800": "a78",
    "cdimono1": "cdi",
    "colecovision": "cv",
    "dreamcast": "dc",
    "fds": "fds",
    "fmtowns": "fmt",
    "gb": "gb",
    "gba": "gba",
    "gbc": "gbc",
    "gc": "gc",
    "gamegear": "gg",
    "intellivision": "intv",
    "atarijaguar": ["jag", "jcd"],
    "atarilynx": "lynx",
    "mame": "mame",
    "pokemini": "min",
    "n64": "n64",
    "n64dd": "ndd",
    "nds": ["nds", "dsi"],
    "nes": "nes",
    "neogeocd": "ngcd",
    "pc98": "pc98",
    "pcfx": "pcfx",
    "psx": "ps1",
    "ps2": "ps2",
    "ps3": "ps3",
    "psp": "psp",
    "psvita": "psv",
    "saturn": "sat",
    "megacd": "scd",
    "genesis": "smd",
    "mastersystem": "sms",
    "snes": "snes",
    "pcengine": "tg16",
    "pcenginecd": "tgcd",
    "virtualboy": "vb",
    "wii": "wii",
    "wiiu": "wiiu",
    "xbox": "xbox",
    "pippin": "pip",
    "xbox360": "x360"
  }
}

