{
  "mapping": {
    "nes": "NES",
    "snes": "SNES",
    "n64": "N64",
    "cdimono1": "CDi",
    "gc": "GameCube",
    "wii": ["Wii", "WiiWare"],
    "gb": "GB",
    "gbc": "GBC",
    "gba": "GBA",
    "nds": "DS",
    "genesis": "Genesis",
    "saturn": "Saturn",
    "dreamcast": "Dreamcast",
    "psx": "PS1",
    "ps2": "PS2",
    "ps3": "PS3",
    "psp": "PSP",
    "xbox": "Xbox",
    "sega32x": "32X",
    "n3ds": "3DS",
    "atari2600": "Atari2600",
    "atari5200": "Atari5200",
    "atari7800": "Atari7800",
    "gamegear": "GG",
    "atarijaguar": ["Jaguar", "JaguarCD"],
    "atarilynx": "Lynx",
    "mastersystem": "SMS",
    "megacd": "SegaCD",
    "pcengine": "TG16",
    "pcenginecd": "TGCD",
    "virtualboy": "VB",
    "xbox360": ["Xbox360", "X360-D"]
  }
}
